{
  "cond_seconds": {
    "pooled": {
      "rho": 0.6571418042167749,
      "gm": 2.163856256669764,
      "n": 72
    },
    "per_model": {
      "haiku": {
        "rho": 0.6690306744437988,
        "gm": 2.4924483792417638,
        "n": 12
      },
      "sonnet": {
        "rho": 0.9521642971961909,
        "gm": 1.5704935068683639,
        "n": 12
      },
      "opus": {
        "rho": 0.9717860525178018,
        "gm": 1.5146452474124235,
        "n": 12
      },
      "gpt4o-mini": {
        "rho": 0.9211923058649254,
        "gm": 6.6275100158098335,
        "n": 12
      },
      "gpt4o": {
        "rho": 0.8803035190049984,
        "gm": 5.154802170082124,
        "n": 12
      },
      "o4-mini": {
        "rho": 0.7762237762237763,
        "gm": 0.5067978989174837,
        "n": 12
      }
    }
  },
  "cond_tokens": {
    "pooled": {
      "rho": 0.8886234899198694,
      "gm": 0.4850559061326097,
      "n": 72
    },
    "per_model": {
      "haiku": {
        "rho": 0.9807370556736849,
        "gm": 0.7354455678324239,
        "n": 12
      },
      "sonnet": {
        "rho": 0.9508771929824562,
        "gm": 0.5592519402369495,
        "n": 12
      },
      "opus": {
        "rho": 0.9771929824561405,
        "gm": 0.5282292252922391,
        "n": 12
      },
      "gpt4o-mini": {
        "rho": 0.9665038284285544,
        "gm": 0.8230912363004234,
        "n": 12
      },
      "gpt4o": {
        "rho": 0.99124495269876,
        "gm": 0.7188672715249418,
        "n": 12
      },
      "o4-mini": {
        "rho": 0.8966738794730832,
        "gm": 0.1013149728967598,
        "n": 12
      }
    }
  },
  "cond_derived": {
    "pooled": {
      "rho": 0.8285110187017889,
      "gm": 0.2390319647466204,
      "n": 72
    },
    "per_model": {
      "haiku": {
        "rho": 0.8616475560561659,
        "gm": 0.3228881227096922,
        "n": 12
      },
      "sonnet": {
        "rho": 0.9176896735232337,
        "gm": 0.3185082567146244,
        "n": 12
      },
      "opus": {
        "rho": 0.9632238939652261,
        "gm": 0.24336588982979393,
        "n": 12
      },
      "gpt4o-mini": {
        "rho": 0.8826633501063164,
        "gm": 0.3853392168957734,
        "n": 12
      },
      "gpt4o": {
        "rho": 0.9580419580419581,
        "gm": 0.2801014993098687,
        "n": 12
      },
      "o4-mini": {
        "rho": 0.847637026689399,
        "gm": 0.06904699317497057,
        "n": 12
      }
    }
  },
  "cond_reason": {
    "pooled": {
      "rho": 0.5449008565857897,
      "gm": 1.0785237112229582,
      "n": 72
    },
    "per_model": {
      "haiku": {
        "rho": 0.7972792489909618,
        "gm": 0.9659222383774247,
        "n": 12
      },
      "sonnet": {
        "rho": 0.8808300566003597,
        "gm": 0.7671944652152631,
        "n": 12
      },
      "opus": {
        "rho": 0.9559454586332539,
        "gm": 1.232973931384377,
        "n": 12
      },
      "gpt4o-mini": {
        "rho": 0.9141870411815418,
        "gm": 4.673407590745222,
        "n": 12
      },
      "gpt4o": {
        "rho": 0.900206703842058,
        "gm": 3.298247967085156,
        "n": 12
      },
      "o4-mini": {
        "rho": 0.7135424308772643,
        "gm": 0.11175313142114114,
        "n": 12
      }
    }
  },
  "tps": {
    "haiku": 61.530212745592564,
    "sonnet": 34.361861158156756,
    "opus": 54.39336601792221,
    "gpt4o-mini": 40.15319663779044,
    "gpt4o": 59.62901126765181,
    "o4-mini": 132.73194195847356
  }
}