mode,step,chars_seen,loss,smooth_loss,bpc,val_loss,val_ppl,ms_per_step,chars_per_sec,elapsed_sec,lr
bigram,0,512,9.7953,9.7953,7.115,9.8640,19225.55,226.1,2265,0.8,0.000015
bigram,500,256512,5.0559,5.1680,3.683,5.1062,165.04,182.1,2812,93.6,0.000169
bigram,999,512000,4.9131,4.7894,3.451,4.7838,119.56,191.4,2675,186.1,0.000030
