mode,step,chars_seen,loss,smooth_loss,bpc,val_loss,val_ppl,ms_per_step,chars_per_sec,elapsed_sec,lr
bigram,0,512,9.9795,9.9795,7.173,9.9441,20828.68,235.3,2176,0.8,0.000015
bigram,500,256512,5.6483,5.7370,4.099,5.6828,293.76,186.4,2747,97.2,0.000169
bigram,999,512000,5.5872,5.4560,3.921,5.4361,229.55,195.6,2618,190.7,0.000030
