mode,step,chars_seen,loss,smooth_loss,bpc,val_loss,val_ppl,ms_per_step,chars_per_sec,elapsed_sec,lr
bigram,0,512,9.8011,9.8011,7.122,9.8738,19415.41,237.8,2153,0.9,0.000015
bigram,500,256512,5.3662,5.4506,3.884,5.3845,218.01,179.2,2857,95.2,0.000169
bigram,999,512000,5.3283,5.1479,3.695,5.1221,167.69,182.4,2807,188.8,0.000030
