mode,step,chars_seen,loss,smooth_loss,bpc,val_loss,val_ppl,ms_per_step,chars_per_sec,elapsed_sec,lr
bigram,0,512,9.9639,9.9639,7.134,9.8894,19720.12,227.4,2252,0.8,0.000015
bigram,500,256512,4.9889,5.1594,3.656,5.0678,158.82,177.8,2880,93.8,0.000169
bigram,999,512000,4.8132,4.7212,3.395,4.7070,110.72,182.8,2800,185.3,0.000030
