mode,step,chars_seen,loss,smooth_loss,bpc,val_loss,val_ppl,ms_per_step,chars_per_sec,elapsed_sec,lr
bigram,0,512,9.8954,9.8954,7.123,9.8745,19429.17,245.3,2087,0.9,0.000015
bigram,500,256512,5.0877,5.2049,3.686,5.1101,165.69,192.8,2655,94.3,0.000169
bigram,999,512000,4.9271,4.7650,3.424,4.7466,115.19,181.8,2817,187.7,0.000030
