mode,step,chars_seen,loss,smooth_loss,bpc,val_loss,val_ppl,ms_per_step,chars_per_sec,elapsed_sec,lr
binary,0,512,0.7577,0.7577,7.234,0.7163,2.05,1202.7,426,7.0,0.000015
binary,500,256512,0.6931,0.6928,6.998,0.6929,2.00,690.2,742,395.3,0.000169
binary,999,512000,0.6814,0.6873,6.928,0.6860,1.99,689.1,743,770.0,0.000030
